<?xml version="1.0" encoding="UTF-8"?>
<!DOCTYPE mapper PUBLIC "-//mybatis.org//DTD Mapper 3.0//EN" "http://mybatis.org/dtd/mybatis-3-mapper.dtd">
<mapper namespace="com.example.demo59.mapper.AdminsMapper">
    <!--  自带二级缓存-->
    <!--  <cache></cache>-->
    <!--  第三方二级缓存，不要实现序列化接口-->
    <cache type="org.mybatis.caches.ehcache.EhcacheCache">
        <!--    缓存创建之后，最后一次访问缓存的时间至缓存失效的时间间隔-->
        <property name="timeToIdleSeconds" value="3600"/>
        <!--    缓存自创建时间起至失效的时间间隔-->
        <property name="timeToLiveSeconds" value="3600"/>
        <!--    缓存回收策略，LRU表示溢出近期使用最少的对象-->
        <property name="memoryStoreEvicttionPolicy" value="LRU"/>

    </cache>
    <resultMap id="BaseResultMap" type="com.example.demo59.entity.Admin">
        <id column="admin_id" jdbcType="INTEGER" property="admin_id"/>
        <result column="admin_name" jdbcType="VARCHAR" property="admin_name"/>
        <result column="password" jdbcType="VARCHAR" property="password"/>
    </resultMap>
    <!--  自动替换-->
    <sql id="Base_Column_List">
        admin_id, admin_name, "password"
    </sql>
    <update id="updateByPrimaryKeySelective" parameterType="com.example.demo59.entity.Admin">
        update "admins"
        <set>
            <if test="admin_name != null">
                admin_name = #{admin_name,jdbcType=VARCHAR},
            </if>
            <if test="password != null">
                "password" = #{password,jdbcType=VARCHAR},
            </if>
        </set>
        where admin_id = #{admin_id,jdbcType=INTEGER}
    </update>
    <update id="updateByPrimaryKey" parameterType="com.example.demo59.entity.Admin">
        update "admins"
        set admin_name = #{admin_name,jdbcType=VARCHAR},
            "password" = #{password,jdbcType=VARCHAR}
        where admin_id = #{admin_id,jdbcType=INTEGER}
    </update>
    <select id="selectByDynamicSearching" parameterType="com.example.demo59.entity.Admin" resultMap="BaseResultMap">
        select
        <include refid="Base_Column_List"/>
        from "admins"
        <where>
            <if test="admin_id != null">
                admin_id = #{admin_id}
            </if>
            <if test="admin_name != null">
                and admin_name = #{admin_name}
            </if>
            <if test="password != null">
                and password = #{password}
            </if>
        </where>
    </select>


</mapper>