<?xml version="1.0" encoding="UTF-8"?>
<!DOCTYPE mapper PUBLIC "-//mybatis.org//DTD Mapper 3.0//EN" "http://mybatis.org/dtd/mybatis-3-mapper.dtd">
<mapper namespace="com.example.demo59.mapper.CarriagesMapper">
  <resultMap id="BaseResultMap" type="com.example.demo59.entity.Carriages">
    <id column="train_number" jdbcType="VARCHAR" property="train_number" />
    <id column="carriage_index" jdbcType="INTEGER" property="carriage_index" />
    <result column="seat_type_id" jdbcType="INTEGER" property="seat_type_id" />
    <result column="seat_num" jdbcType="INTEGER" property="seat_num" />
  </resultMap>
  <sql id="Base_Column_List">
    train_number, carriage_index, seat_type_id, seat_num
  </sql>
  <select id="selectByPrimaryKey" parameterType="com.example.demo59.entity.CarriagesKey" resultMap="BaseResultMap">
    select 
    <include refid="Base_Column_List" />
    from "carriages"
    where train_number = #{train_number,jdbcType=VARCHAR}
      and carriage_index = #{carriage_index,jdbcType=INTEGER}
  </select>
  <delete id="deleteByPrimaryKey" parameterType="com.example.demo59.entity.CarriagesKey">
    delete from "carriages"
    where train_number = #{train_number,jdbcType=VARCHAR}
      and carriage_index = #{carriage_index,jdbcType=INTEGER}
  </delete>
  <insert id="insert" keyColumn="train_number" keyProperty="train_number" parameterType="com.example.demo59.entity.Carriages" useGeneratedKeys="true">
    insert into "carriages" (carriage_index, seat_type_id, seat_num
      )
    values (#{carriage_index,jdbcType=INTEGER}, #{seat_type_id,jdbcType=INTEGER}, #{seat_num,jdbcType=INTEGER}
      )
  </insert>
  <insert id="insertSelective" keyColumn="train_number" keyProperty="train_number" parameterType="com.example.demo59.entity.Carriages" useGeneratedKeys="true">
    insert into "carriages"
    <trim prefix="(" suffix=")" suffixOverrides=",">
      <if test="carriage_index != null">
        carriage_index,
      </if>
      <if test="seat_type_id != null">
        seat_type_id,
      </if>
      <if test="seat_num != null">
        seat_num,
      </if>
    </trim>
    <trim prefix="values (" suffix=")" suffixOverrides=",">
      <if test="carriage_index != null">
        #{carriage_index,jdbcType=INTEGER},
      </if>
      <if test="seat_type_id != null">
        #{seat_type_id,jdbcType=INTEGER},
      </if>
      <if test="seat_num != null">
        #{seat_num,jdbcType=INTEGER},
      </if>
    </trim>
  </insert>
  <update id="updateByPrimaryKeySelective" parameterType="com.example.demo59.entity.Carriages">
    update "carriages"
    <set>
      <if test="seat_type_id != null">
        seat_type_id = #{seat_type_id,jdbcType=INTEGER},
      </if>
      <if test="seat_num != null">
        seat_num = #{seat_num,jdbcType=INTEGER},
      </if>
    </set>
    where train_number = #{train_number,jdbcType=VARCHAR}
      and carriage_index = #{carriage_index,jdbcType=INTEGER}
  </update>
  <update id="updateByPrimaryKey" parameterType="com.example.demo59.entity.Carriages">
    update "carriages"
    set seat_type_id = #{seat_type_id,jdbcType=INTEGER},
      seat_num = #{seat_num,jdbcType=INTEGER}
    where train_number = #{train_number,jdbcType=VARCHAR}
      and carriage_index = #{carriage_index,jdbcType=INTEGER}
  </update>

</mapper>