<?xml version="1.0" encoding="UTF-8"?>
<!DOCTYPE mapper PUBLIC "-//mybatis.org//DTD Mapper 3.0//EN" "http://mybatis.org/dtd/mybatis-3-mapper.dtd">
<mapper namespace="com.example.demo59.mapper.JourneysMapper">
    <resultMap id="BaseResultMap" type="com.example.demo59.entity.Journeys">
        <id column="journey_id" jdbcType="INTEGER" property="journey_id"/>
        <result column="train_id" jdbcType="VARCHAR" property="train_id"/>
        <result column="station_index" jdbcType="INTEGER" property="station_index"/>
        <result column="station_id" jdbcType="INTEGER" property="station_id"/>
        <result column="arrive_time" jdbcType="TIME" property="arrive_time"/>
        <result column="depart_time" jdbcType="TIME" property="depart_time"/>
        <result column="arrive_day" jdbcType="INTEGER" property="arrive_day"/>
        <result column="depart_day" jdbcType="INTEGER" property="depart_day"/>
        <result column="distance" jdbcType="INTEGER" property="distance"/>
    </resultMap>
    <sql id="Base_Column_List">
        journey_id, train_id, station_index, station_id, arrive_time, depart_time, arrive_day,
    depart_day, distance
    </sql>
    <select id="selectByTrainNumber" parameterType="java.lang.String" resultMap="BaseResultMap">
        select
        <include refid="Base_Column_List"/>
        from "journeys"
        where train_id = #{a,jdbcType=VARCHAR}
    </select>
    <select id="selectByPrimaryKey" parameterType="java.lang.Integer" resultMap="BaseResultMap">
        select
        <include refid="Base_Column_List"/>
        from "journeys"
        where journey_id = #{journey_id,jdbcType=INTEGER}
    </select>
    <delete id="deleteByPrimaryKey" parameterType="java.lang.Integer">
        delete
        from "journeys"
        where journey_id = #{journey_id,jdbcType=INTEGER}
    </delete>
    <insert id="insert" keyColumn="journey_id" keyProperty="journey_id"
            parameterType="com.example.demo59.entity.Journeys" useGeneratedKeys="true">
        insert into "journeys" (train_id, station_index, station_id,
                                arrive_time, depart_time, arrive_day,
                                depart_day, distance)
        values (#{train_id,jdbcType=VARCHAR}, #{station_index,jdbcType=INTEGER}, #{station_id,jdbcType=INTEGER},
                #{arrive_time,jdbcType=TIME}, #{depart_time,jdbcType=TIME}, #{arrive_day,jdbcType=INTEGER},
                #{depart_day,jdbcType=INTEGER}, #{distance,jdbcType=INTEGER})
    </insert>
    <insert id="insertSelective" keyColumn="journey_id" keyProperty="journey_id"
            parameterType="com.example.demo59.entity.Journeys" useGeneratedKeys="true">
        insert into "journeys"
        <trim prefix="(" suffix=")" suffixOverrides=",">
            <if test="train_id != null">
                train_id,
            </if>
            <if test="station_index != null">
                station_index,
            </if>
            <if test="station_id != null">
                station_id,
            </if>
            <if test="arrive_time != null">
                arrive_time,
            </if>
            <if test="depart_time != null">
                depart_time,
            </if>
            <if test="arrive_day != null">
                arrive_day,
            </if>
            <if test="depart_day != null">
                depart_day,
            </if>
            <if test="distance != null">
                distance,
            </if>
        </trim>
        <trim prefix="values (" suffix=")" suffixOverrides=",">
            <if test="train_id != null">
                #{train_id,jdbcType=VARCHAR},
            </if>
            <if test="station_index != null">
                #{station_index,jdbcType=INTEGER},
            </if>
            <if test="station_id != null">
                #{station_id,jdbcType=INTEGER},
            </if>
            <if test="arrive_time != null">
                #{arrive_time,jdbcType=TIME},
            </if>
            <if test="depart_time != null">
                #{depart_time,jdbcType=TIME},
            </if>
            <if test="arrive_day != null">
                #{arrive_day,jdbcType=INTEGER},
            </if>
            <if test="depart_day != null">
                #{depart_day,jdbcType=INTEGER},
            </if>
            <if test="distance != null">
                #{distance,jdbcType=INTEGER},
            </if>
        </trim>
    </insert>
    <update id="updateByPrimaryKeySelective" parameterType="com.example.demo59.entity.Journeys">
        update "journeys"
        <set>
            <if test="train_id != null">
                train_id = #{train_id,jdbcType=VARCHAR},
            </if>
            <if test="station_index != null">
                station_index = #{station_index,jdbcType=INTEGER},
            </if>
            <if test="station_id != null">
                station_id = #{station_id,jdbcType=INTEGER},
            </if>
            <if test="arrive_time != null">
                arrive_time = #{arrive_time,jdbcType=TIME},
            </if>
            <if test="depart_time != null">
                depart_time = #{depart_time,jdbcType=TIME},
            </if>
            <if test="arrive_day != null">
                arrive_day = #{arrive_day,jdbcType=INTEGER},
            </if>
            <if test="depart_day != null">
                depart_day = #{depart_day,jdbcType=INTEGER},
            </if>
            <if test="distance != null">
                distance = #{distance,jdbcType=INTEGER},
            </if>
        </set>
        where journey_id = #{journey_id,jdbcType=INTEGER}
    </update>
    <update id="updateByPrimaryKey" parameterType="com.example.demo59.entity.Journeys">
        update "journeys"
        set train_id      = #{train_id,jdbcType=VARCHAR},
            station_index = #{station_index,jdbcType=INTEGER},
            station_id    = #{station_id,jdbcType=INTEGER},
            arrive_time   = #{arrive_time,jdbcType=TIME},
            depart_time   = #{depart_time,jdbcType=TIME},
            arrive_day    = #{arrive_day,jdbcType=INTEGER},
            depart_day    = #{depart_day,jdbcType=INTEGER},
            distance      = #{distance,jdbcType=INTEGER}
        where journey_id = #{journey_id,jdbcType=INTEGER}
    </update>
</mapper>