<?xml version="1.0" encoding="UTF-8"?>
<!DOCTYPE mapper PUBLIC "-//mybatis.org//DTD Mapper 3.0//EN" "http://mybatis.org/dtd/mybatis-3-mapper.dtd">
<mapper namespace="com.example.demo59.mapper.OrdersMapper">
    <resultMap id="BaseResultMap" type="com.example.demo59.entity.Orders">
        <id column="order_id" jdbcType="INTEGER" property="order_id"/>
        <result column="order_status" jdbcType="INTEGER" property="order_status"/>
        <result column="order_price" jdbcType="DOUBLE" property="order_price"/>
        <result column="person" jdbcType="INTEGER" property="person"/>
        <result column="create_date" jdbcType="TIMESTAMP" property="create_date"/>
    </resultMap>
    <sql id="Base_Column_List">
        order_id, order_status, order_price, person, create_date
    </sql>

    <delete id="deleteByPrimaryKey" parameterType="java.lang.Integer">
        delete
        from "orders"
        where order_id = #{order_id,jdbcType=INTEGER}
    </delete>
    <insert id="insert" keyColumn="order_id" keyProperty="order_id" parameterType="com.example.demo59.entity.Orders"
            useGeneratedKeys="true">
        insert into "orders" (order_status, order_price, person,
                              create_date)
        values (#{order_status,jdbcType=INTEGER}, #{order_price,jdbcType=DOUBLE}, #{person,jdbcType=INTEGER},
                #{create_date,jdbcType=TIMESTAMP})
    </insert>
    <insert id="insertSelective" keyColumn="order_id" keyProperty="order_id"
            parameterType="com.example.demo59.entity.Orders" useGeneratedKeys="true">
        insert into "orders"
        <trim prefix="(" suffix=")" suffixOverrides=",">
            <if test="order_status != null">
                order_status,
            </if>
            <if test="order_price != null">
                order_price,
            </if>
            <if test="person != null">
                person,
            </if>
            <if test="create_date != null">
                create_date,
            </if>
        </trim>
        <trim prefix="values (" suffix=")" suffixOverrides=",">
            <if test="order_status != null">
                #{order_status,jdbcType=INTEGER},
            </if>
            <if test="order_price != null">
                #{order_price,jdbcType=DOUBLE},
            </if>
            <if test="person != null">
                #{person,jdbcType=INTEGER},
            </if>
            <if test="create_date != null">
                #{create_date,jdbcType=TIMESTAMP},
            </if>
        </trim>
    </insert>
    <update id="updateByPrimaryKeySelective" parameterType="com.example.demo59.entity.Orders">
        update "orders"
        <set>
            <if test="order_status != null">
                order_status = #{order_status,jdbcType=INTEGER},
            </if>
            <if test="order_price != null">
                order_price = #{order_price,jdbcType=DOUBLE},
            </if>
            <if test="person != null">
                person = #{person,jdbcType=INTEGER},
            </if>
            <if test="create_date != null">
                create_date = #{create_date,jdbcType=TIMESTAMP},
            </if>
        </set>
        where order_id = #{order_id,jdbcType=INTEGER}
    </update>
    <update id="updateByPrimaryKey" parameterType="com.example.demo59.entity.Orders">
        update "orders"
        set order_status = #{order_status,jdbcType=INTEGER},
            order_price  = #{order_price,jdbcType=DOUBLE},
            person       = #{person,jdbcType=INTEGER},
            create_date  = #{create_date,jdbcType=TIMESTAMP}
        where order_id = #{order_id,jdbcType=INTEGER}
    </update>
</mapper>