<?xml version="1.0" encoding="UTF-8"?>
<!DOCTYPE mapper PUBLIC "-//mybatis.org//DTD Mapper 3.0//EN" "http://mybatis.org/dtd/mybatis-3-mapper.dtd">
<mapper namespace="com.example.demo59.mapper.StationsMapper">
    <resultMap id="BaseResultMap" type="com.example.demo59.entity.Stations">
        <id column="station_id" jdbcType="INTEGER" property="station_id"/>
        <result column="station_name" jdbcType="VARCHAR" property="station_name"/>
        <result column="city_id" jdbcType="INTEGER" property="city_id"/>
    </resultMap>
    <sql id="Base_Column_List">
        station_id, station_name, city_id
    </sql>

    <select id="selectCityByCityName" parameterType="java.lang.String" resultType="java.lang.Integer">
        select city_id
        from cities
        where city_name = #{cityName}
    </select>
    <select id="selectByPrimaryKey" parameterType="java.lang.Integer" resultMap="BaseResultMap">
        select
        <include refid="Base_Column_List"/>
        from "stations"
        where station_id = #{station_id,jdbcType=INTEGER}
    </select>
    <insert id="insert" keyColumn="station_id" keyProperty="station_id"
            parameterType="com.example.demo59.entity.Stations" useGeneratedKeys="true">
        insert into "stations" (station_name, city_id)
        values (#{station_name,jdbcType=VARCHAR}, #{city_id,jdbcType=INTEGER})
    </insert>

    <update id="updateActiveInfo" parameterType="java.util.Map">
        <foreach item="value" index="key" collection="stationNameList.entrySet()" separator=";">
            update stations set station_active = #{value} where station_name = #{key}
        </foreach>
    </update>

</mapper>