<?xml version="1.0" encoding="UTF-8"?>
<!DOCTYPE mapper PUBLIC "-//mybatis.org//DTD Mapper 3.0//EN" "http://mybatis.org/dtd/mybatis-3-mapper.dtd">
<mapper namespace="com.example.demo59.mapper.UsersMapper">
    <resultMap id="BaseResultMap" type="com.example.demo59.entity.Users">
        <id column="user_id" jdbcType="INTEGER" property="user_id"/>
        <result column="user_name" jdbcType="VARCHAR" property="user_name"/>
        <result column="phone_number" jdbcType="CHAR" property="phone_number"/>
        <result column="id_card_num" jdbcType="CHAR" property="id_card_num"/>
        <result column="password" jdbcType="VARCHAR" property="password"/>
    </resultMap>
    <sql id="Base_Column_List">
        user_id, user_name, phone_number, id_card_num, "password"
    </sql>
    <select id="selectByPrimaryKey" parameterType="java.lang.Integer" resultMap="BaseResultMap">
        select
        <include refid="Base_Column_List"/>
        from "users"
        where user_id = #{user_id,jdbcType=INTEGER}
    </select>
    <insert id="insert" keyColumn="user_id" keyProperty="user_id" parameterType="com.example.demo59.entity.Users"
            useGeneratedKeys="true">
        insert into "users" (user_name, phone_number, id_card_num,
                             "password")
        values (#{user_name,jdbcType=VARCHAR}, #{phone_number,jdbcType=CHAR}, #{id_card_num,jdbcType=CHAR},
                #{password,jdbcType=VARCHAR})
    </insert>
    <select id="findUserByUsernameAndPassword" resultType="com.example.demo59.entity.Users">
        select *
        from "users"
        where user_name = #{param1}
          and password = #{param2}
    </select>
    <select id="findUserByUsername" parameterType="java.lang.String" resultType="com.example.demo59.entity.Users">
        select *
        from "users"
        where user_name = #{user_name}
    </select>
    <insert id="insertUser" keyColumn="user_id" keyProperty="user_id" parameterType="com.example.demo59.entity.Users"
            useGeneratedKeys="true">
        insert into "users" (user_name, phone_number, id_card_num,
                             "password")
        values (#{user_name,jdbcType=VARCHAR}, #{phone_number,jdbcType=CHAR}, #{id_card_num,jdbcType=CHAR},
                #{password,jdbcType=VARCHAR})
    </insert>

</mapper>