<?xml version="1.0" encoding="UTF-8"?>
<!DOCTYPE mapper PUBLIC "-//mybatis.org//DTD Mapper 3.0//EN" "http://mybatis.org/dtd/mybatis-3-mapper.dtd">
<mapper namespace="com.example.demo59.mapper.AdminsMapper">
    <!--  自带二级缓存-->
    <cache></cache>
    <select id="findExistAdmin" resultType="com.example.demo59.entity.Admin">
        select *
        from admins
        where admin_name = #{adminName}
          and password = #{password};
    </select>
    <!--  第三方二级缓存，不要实现序列化接口-->
    <!--    <cache type="org.mybatis.caches.ehcache.EhcacheCache">-->
    <!--        &lt;!&ndash;    缓存创建之后，最后一次访问缓存的时间至缓存失效的时间间隔&ndash;&gt;-->
    <!--        <property name="timeToIdleSeconds" value="3600"/>-->
    <!--        &lt;!&ndash;    缓存自创建时间起至失效的时间间隔&ndash;&gt;-->
    <!--        <property name="timeToLiveSeconds" value="3600"/>-->
    <!--        &lt;!&ndash;    缓存回收策略，LRU表示溢出近期使用最少的对象&ndash;&gt;-->
    <!--        <property name="memoryStoreEvicttionPolicy" value="LRU"/>-->
    <!--    </cache>-->


</mapper>