<?xml version="1.0" encoding="UTF-8"?>
<!DOCTYPE mapper PUBLIC "-//mybatis.org//DTD Mapper 3.0//EN" "http://mybatis.org/dtd/mybatis-3-mapper.dtd">
<mapper namespace="com.example.demo59.mapper.SeatTypeMapper">
    <!--    <cache></cache>-->
    <resultMap id="BaseResultMap" type="com.example.demo59.entity.SeatType">
        <id column="seat_type_id" jdbcType="INTEGER" property="seatTypeId"/>
        <result column="seat_name" jdbcType="VARCHAR" property="seatName"/>
        <result column="seat_basic_price" jdbcType="DOUBLE" property="seatBasicPrice"/>
    </resultMap>
    <sql id="Base_Column_List">
        seat_type_id, seat_name, seat_basic_price
    </sql>
    <select id="selectByPrimaryKey" parameterType="java.lang.Integer" resultMap="BaseResultMap">
        select
        <include refid="Base_Column_List"/>
        from "seat_type"
        where seat_type_id = #{seat_type_id,jdbcType=INTEGER}
    </select>
    <select id="selectAllSeatType" resultMap="BaseResultMap">
        select
        <include refid="Base_Column_List"/>
        from "seat_type"
    </select>
    <update id="updateBasicPrice" parameterType="java.util.Map">
        <foreach item="value" index="key" collection="seatTypeNameList.entrySet()" separator=";">
            update seat_type set seat_basic_price = #{value}
            where seat_name=#{key}
        </foreach>
    </update>
</mapper>