<?xml version="1.0" encoding="UTF-8"?>
<!DOCTYPE mapper PUBLIC "-//mybatis.org//DTD Mapper 3.0//EN" "http://mybatis.org/dtd/mybatis-3-mapper.dtd">
<mapper namespace="com.example.demo59.mapper.StationsMapper">
    <!--      第三方二级缓存，不要实现序列化接口-->
    <cache type="org.mybatis.caches.ehcache.EhcacheCache">
        <!--    缓存创建之后，最后一次访问缓存的时间至缓存失效的时间间隔-->
        <property name="timeToIdleSeconds" value="3600"/>
        <!--    缓存自创建时间起至失效的时间间隔-->
        <property name="timeToLiveSeconds" value="3600"/>
        <!--    缓存回收策略，LRU表示溢出近期使用最少的对象-->
        <property name="memoryStoreEvicttionPolicy" value="LRU"/>
    </cache>
    <select id="selectCityByCityName" parameterType="java.lang.String" resultType="com.example.demo59.entity.Cities">
        select *
        from cities
        where city_name = #{cityName}
    </select>
    <select id="findStationByName" parameterType="java.lang.String"
            resultType="com.example.demo59.entity.StationReferToCity">
        select station_name,
               city_name,
               province,
               station_active
        from stations s
                 join cities c on s.city_id = c.city_id
        where station_name = #{stationName};
    </select>
    <insert id="insert" keyColumn="station_id" keyProperty="stationId"
            parameterType="com.example.demo59.entity.Stations" useGeneratedKeys="true">
        insert into "stations" (station_name, city_id)
        values (#{stationName,jdbcType=VARCHAR}, #{cityId,jdbcType=INTEGER})
    </insert>

    <update id="updateActiveInfo" parameterType="java.util.Map">
        <foreach item="value" index="key" collection="stationNameList.entrySet()" separator=";">
            update stations set station_active = #{value} where station_name = #{key}
        </foreach>
    </update>
    <select id="findStationsByStationNames" parameterType="java.util.List"
            resultType="com.example.demo59.entity.Stations">
        select *
        from stations
        where station_name in
        <foreach collection="stationNameList" index="index" item="item" open="(" separator="," close=")">
            #{item}
        </foreach>
    </select>
</mapper>