<?xml version="1.0" encoding="UTF-8"?>
<!DOCTYPE mapper PUBLIC "-//mybatis.org//DTD Mapper 3.0//EN" "http://mybatis.org/dtd/mybatis-3-mapper.dtd">
<mapper namespace="com.example.demo59.mapper.TicketsMapper">
    <!--  <cache></cache>-->
    <resultMap id="BaseResultMap" type="com.example.demo59.entity.Tickets">
        <id column="ticket_id" jdbcType="INTEGER" property="ticketId"/>
        <result column="order_id" jdbcType="INTEGER" property="orderId"/>
        <result column="carriage_id" jdbcType="INTEGER" property="carriageId"/>
        <result column="depart_journey" jdbcType="INTEGER" property="departJourney"/>
        <result column="arrive_journey" jdbcType="INTEGER" property="arriveJourney"/>
        <result column="depart_date" jdbcType="DATE" property="departDate"/>
    </resultMap>
    <sql id="Base_Column_List">
        ticket_id, order_id, carriage_id, depart_journey, arrive_journey, depart_date
    </sql>
    <select id="selectByPrimaryKey" parameterType="java.lang.Integer" resultMap="BaseResultMap">
        select
        <include refid="Base_Column_List"/>
        from "tickets"
        where ticket_id = #{ticket_id,jdbcType=INTEGER}
    </select>
    <insert id="insert" keyColumn="ticket_id" keyProperty="ticket_id" parameterType="com.example.demo59.entity.Tickets"
            useGeneratedKeys="true">
        insert into "tickets" (order_id, carriage_id, depart_journey,
                               arrive_journey, depart_date)
        values (#{order_id,jdbcType=INTEGER}, #{carriage_id,jdbcType=INTEGER}, #{depart_journey,jdbcType=INTEGER},
                #{arrive_journey,jdbcType=INTEGER}, #{depart_date,jdbcType=DATE})
    </insert>
    <insert id="insertSelective" keyColumn="ticket_id" keyProperty="ticket_id"
            parameterType="com.example.demo59.entity.Tickets" useGeneratedKeys="true">
        insert into "tickets"
        <trim prefix="(" suffix=")" suffixOverrides=",">
            <if test="order_id != null">
                order_id,
            </if>
            <if test="carriage_id != null">
                carriage_id,
            </if>
            <if test="depart_journey != null">
                depart_journey,
            </if>
            <if test="arrive_journey != null">
                arrive_journey,
            </if>
            <if test="depart_date != null">
                depart_date,
            </if>
            <if test="seat_num != null">
                seat_num,
            </if>
        </trim>
        <trim prefix="values (" suffix=")" suffixOverrides=",">
            <if test="order_id != null">
                #{order_id,jdbcType=INTEGER},
            </if>
            <if test="carriage_id != null">
                #{carriage_id,jdbcType=INTEGER},
            </if>
            <if test="depart_journey != null">
                #{depart_journey,jdbcType=INTEGER},
            </if>
            <if test="arrive_journey != null">
                #{arrive_journey,jdbcType=INTEGER},
            </if>
            <if test="depart_date != null">
                #{depart_date,jdbcType=DATE},
            </if>
            <if test="seat_num != null">
                #{seat_num,jdbcType=VARCHAR},
            </if>
        </trim>
    </insert>
    <update id="updateByPrimaryKeySelective" parameterType="com.example.demo59.entity.Tickets">
        update "tickets"
        <set>
            <if test="order_id != null">
                order_id = #{order_id,jdbcType=INTEGER},
            </if>
            <if test="carriage_id != null">
                carriage_id = #{carriage_id,jdbcType=INTEGER},
            </if>
            <if test="depart_journey != null">
                depart_journey = #{depart_journey,jdbcType=INTEGER},
            </if>
            <if test="arrive_journey != null">
                arrive_journey = #{arrive_journey,jdbcType=INTEGER},
            </if>
            <if test="depart_date != null">
                depart_date = #{depart_date,jdbcType=DATE},
            </if>
            <if test="seat_num != null">
                seat_num = #{seat_num,jdbcType=VARCHAR},
            </if>
        </set>
        where ticket_id = #{ticket_id,jdbcType=INTEGER}
    </update>
    <update id="updateByPrimaryKey" parameterType="com.example.demo59.entity.Tickets">
        update "tickets"
        set order_id       = #{order_id,jdbcType=INTEGER},
            carriage_id    = #{carriage_id,jdbcType=INTEGER},
            depart_journey = #{depart_journey,jdbcType=INTEGER},
            arrive_journey = #{arrive_journey,jdbcType=INTEGER},
            depart_date    = #{depart_date,jdbcType=DATE}
        where ticket_id = #{ticket_id,jdbcType=INTEGER}
    </update>
</mapper>